Customer_Key,First_Name,Last_Name,Email_Address,Gender,PhoneNo
1,Kate,Andersson,Kate_Andersson7068@nanoff.biz,Female,2-106-435-5878
2,Camden,Blackwall,Camden_Blackwall5288@irrepsy.com,Female,1-387-031-8875
3,Domenic,Everett,Domenic_Everett3172@acrit.org,Male,5-281-444-0578
4,Harry,Mooney,Harry_Mooney9315@brety.org,Male,3-212-167-7458
5,Bob,Wellington,Bob_Wellington6364@bulaffy.com,Male,7-244-683-6452
6,Jacob,Wright,Jacob_Wright7153@sheye.org,Male,7-013-441-2085
7,Miley,Hall,Miley_Hall2588@twipet.com,Female,7-518-636-4614
8,Barney,Allcott,Barney_Allcott1965@gmail.com,Male,7-562-373-1507
9,Francesca,Robinson,Francesca_Robinson418@joiniaa.com,Female,2-050-153-7625
10,Brooklyn,Parsons,Brooklyn_Parsons4199@grannar.com,Female,3-546-376-6038
11,Adalind,Rehman,Adalind_Rehman4736@bauros.biz,Female,1-164-583-3547
12,Fred,Cooper,Fred_Cooper4059@bretoux.com,Male,0-376-717-3123
13,Chad,Oswald,Chad_Oswald1289@acrit.org,Male,2-260-651-2638
14,Aisha,Whitmore,Aisha_Whitmore5340@bretoux.com,Female,6-088-388-0468
15,Dorothy,Brooks,Dorothy_Brooks6842@bauros.biz,Female,2-147-276-3067
16,Mike,King,Mike_King9061@bungar.biz,Male,6-042-827-0282
17,Gemma,Woodcock,Gemma_Woodcock2789@qater.org,Female,4-375-421-5211
18,Jules,Jennson,Jules_Jennson310@eirey.tech,Female,1-522-376-6074
19,Evie,Wright,Evie_Wright5693@bungar.biz,Female,0-413-272-6506
20,Rufus,Ramsey,Rufus_Ramsey1946@qater.org,Male,2-555-050-8436
21,Beatrice,Dobson,Beatrice_Dobson5447@ubusive.com,Female,1-407-870-5660
22,Aiden,Eastwood,Aiden_Eastwood2809@irrepsy.com,Male,8-833-080-4634
23,Josh,Armstrong,Josh_Armstrong1560@joiniaa.com,Male,4-564-374-0270
24,Agnes,Ebden,Agnes_Ebden4367@sheye.org,Female,8-584-158-3144
25,Leslie,Bradley,Leslie_Bradley8571@mafthy.com,Female,5-565-407-2600
26,Julian,Dwyer,Julian_Dwyer1114@nickia.com,Male,1-442-306-1230
27,Eryn,Collis,Eryn_Collis1971@twipet.com,Female,5-708-441-1348
28,Faith,Murray,Faith_Murray3641@kideod.biz,Female,4-314-148-4167
29,Eryn,Thomson,Eryn_Thomson8357@jiman.org,Female,4-252-582-1047
30,Michaela,Noach,Michaela_Noach6975@kideod.biz,Female,7-716-321-4273
31,Ramon,Barclay,Ramon_Barclay1301@grannar.com,Male,7-072-737-3101
32,Penny,Roscoe,Penny_Roscoe806@infotech44.tech,Female,0-816-004-6318
33,Ally,Reid,Ally_Reid6758@naiker.biz,Female,1-553-842-3228
34,Tom,Kirby,Tom_Kirby2641@brety.org,Male,5-131-702-4327
35,Aurelia,Jordan,Aurelia_Jordan4498@acrit.org,Female,5-431-047-3764
36,Makena,Lindsay,Makena_Lindsay7140@nimogy.biz,Female,2-436-252-7524
37,Camden,Wright,Camden_Wright5495@yahoo.com,Female,4-731-565-7027
38,Agnes,Khan,Agnes_Khan1361@gembat.biz,Female,8-886-270-2412
39,Harry,Newman,Harry_Newman9487@acrit.org,Male,5-824-576-7224
40,Michael,Steer,Michael_Steer3342@eirey.tech,Male,1-507-182-8042
41,Luke,Reid,Luke_Reid8823@typill.biz,Male,5-288-202-7855
42,Tom,Alldridge,Tom_Alldridge9898@vetan.org,Male,4-220-388-5433
43,Piper,Lane,Piper_Lane5764@bungar.biz,Female,4-038-847-8226
44,Javier,Edwards,Javier_Edwards3254@supunk.biz,Male,1-440-228-2667
45,Andie,Dixon,Andie_Dixon267@iatim.tech,Female,5-727-574-0052
46,Sabina,Rivers,Sabina_Rivers763@elnee.tech,Female,4-032-273-5178
47,Alan,York,Alan_York6929@deavo.com,Male,6-316-568-8155
48,Jacob,Roman,Jacob_Roman7903@mafthy.com,Male,3-011-307-2385
49,Susan,Hudson,Susan_Hudson5799@grannar.com,Female,3-524-824-3027
50,Mike,Nanton,Mike_Nanton1275@ubusive.com,Male,0-643-232-4173
51,Sarah,Russel,Sarah_Russel576@cispeto.com,Female,1-121-466-7260
52,Rick,Cadman,Rick_Cadman4738@qater.org,Male,2-802-018-0630
53,Fred,Strong,Fred_Strong7466@dionrab.com,Male,0-802-486-5052
54,Ryan,Pope,Ryan_Pope9031@bungar.biz,Male,0-143-182-0636
55,Blake,Tyler,Blake_Tyler2670@muall.tech,Female,4-470-682-6046
56,Ethan,Barrett,Ethan_Barrett1716@iatim.tech,Male,7-557-806-1740
57,Alma,Hobson,Alma_Hobson363@sveldo.biz,Female,6-318-311-5135
58,Michael,Blackburn,Michael_Blackburn5062@muall.tech,Male,8-605-540-7831
59,Catherine,Graham,Catherine_Graham6457@gembat.biz,Female,3-646-433-1750
60,Jayden,Page ,Jayden_Page 5664@nickia.com,Male,8-304-180-0478
61,Juliette,Sylvester,Juliette_Sylvester9823@gompie.com,Female,8-611-425-4770
62,Liliana,Yard,Liliana_Yard6511@bauros.biz,Female,7-215-274-6054
63,Callie,Cassidy,Callie_Cassidy1088@hourpy.biz,Female,3-743-304-8318
64,Kimberly,James,Kimberly_James3028@kideod.biz,Female,7-637-685-3461
65,Russel,Wilcox,Russel_Wilcox9047@muall.tech,Male,7-716-326-5864
66,Marvin,Powell,Marvin_Powell1722@grannar.com,Male,0-338-588-8832
67,Josh,Lewis,Josh_Lewis893@ovock.tech,Male,7-425-436-2710
68,Nicholas,Oliver,Nicholas_Oliver9647@bulaffy.com,Male,6-427-182-7483
69,Matt,Woodley,Matt_Woodley4276@atink.com,Male,1-624-585-6767
70,Martin,Parker,Martin_Parker3629@vetan.org,Male,5-561-558-6043
71,Mavis,Veale,Mavis_Veale6677@nanoff.biz,Female,4-258-045-1213
72,Logan,Cann,Logan_Cann9778@corti.com,Female,7-748-402-6541
73,Livia,Brooks,Livia_Brooks1692@kideod.biz,Female,0-084-400-0334
74,Bristol,Nayler,Bristol_Nayler4498@iatim.tech,Female,8-762-812-2403
75,Rylee,Collis,Rylee_Collis2626@bauros.biz,Female,1-840-363-8166
76,Lucas,Durrant,Lucas_Durrant7473@bungar.biz,Male,8-260-186-1005
77,Barry,Mcnally,Barry_Mcnally2875@typill.biz,Male,0-511-513-3744
78,Tyler,Savage,Tyler_Savage6807@muall.tech,Male,2-802-087-8256
79,Chuck,Williams,Chuck_Williams4789@ubusive.com,Male,1-177-313-5341
80,Grace,Nayler,Grace_Nayler9648@sheye.org,Female,7-374-852-1245
81,Harvey,Emmett,Harvey_Emmett545@hourpy.biz,Male,5-474-865-5645
82,Nate,Goodman,Nate_Goodman7710@nimogy.biz,Male,5-141-154-5067
83,Caleb,Young,Caleb_Young1055@gembat.biz,Male,5-484-851-7206
84,Cassandra,Glass,Cassandra_Glass8268@jiman.org,Female,2-822-483-7707
85,Laila,Utterson,Laila_Utterson5427@nickia.com,Female,7-274-642-2847
86,Miley,Matthews,Miley_Matthews9747@elnee.tech,Female,1-181-054-5053
87,Bernadette,Verdon,Bernadette_Verdon1363@muall.tech,Female,2-442-538-0535
88,Harriet,James,Harriet_James8339@cispeto.com,Female,7-365-662-7588
89,Harvey,Rixon,Harvey_Rixon6580@iatim.tech,Male,3-483-578-1418
90,Brad,Smith,Brad_Smith5499@gmail.com,Male,2-674-472-4030
91,Mavis,Cartwright,Mavis_Cartwright9302@ovock.tech,Female,8-350-257-3242
92,Erin,Baxter,Erin_Baxter3965@famism.biz,Female,2-763-856-8538
93,Matthew,Stevenson,Matthew_Stevenson112@deons.tech,Male,1-175-810-0228
94,Carmella,Chapman,Carmella_Chapman6234@womeona.net,Female,5-014-067-0617
95,Claire,Vangness,Claire_Vangness3008@deavo.com,Female,5-225-266-2537
96,Leslie,Eddison,Leslie_Eddison3045@famism.biz,Female,5-888-038-4281
97,Eve,Raven,Eve_Raven6154@bulaffy.com,Female,0-328-334-1430
98,Norah,Whitehouse,Norah_Whitehouse5785@naiker.biz,Female,5-370-472-1064
99,Skylar,Gray,Skylar_Gray1966@elnee.tech,Female,6-862-253-6508
100,Sadie,Robertson,Sadie_Robertson6101@corti.com,Female,3-206-450-6360
101,Evelynn,Morrison,Evelynn_Morrison8193@ubusive.com,Female,7-500-364-2862
102,Bob,Driscoll,Bob_Driscoll8824@womeona.net,Male,8-834-126-4783
103,Anthony,Carter,Anthony_Carter1431@gmail.com,Male,6-843-045-3576
104,Denis,Palmer,Denis_Palmer1452@iatim.tech,Male,8-881-532-5471
105,Anthony,Ross,Anthony_Ross1685@deons.tech,Male,4-808-836-1540
106,Julia,Woods,Julia_Woods1989@bungar.biz,Female,1-236-151-7464
107,Martin,Adams,Martin_Adams5317@tonsy.org,Male,0-153-042-0872
108,Bob,Wood,Bob_Wood9124@hourpy.biz,Male,4-860-327-0461
109,Priscilla,Poulton,Priscilla_Poulton5195@yahoo.com,Female,3-831-160-6168
110,Tom,Holt,Tom_Holt6051@naiker.biz,Male,7-540-676-3470
111,Rosalee,Vallory,Rosalee_Vallory7031@bretoux.com,Female,0-841-215-3158
112,Scarlett,Fields,Scarlett_Fields5850@deavo.com,Female,3-846-616-7578
113,Rylee,Baker,Rylee_Baker2588@gembat.biz,Female,2-621-437-6426
114,Anthony,Emerson,Anthony_Emerson5138@sheye.org,Male,3-768-277-3625
115,Andie,Fenton,Andie_Fenton6668@twipet.com,Female,0-834-746-8278
116,Ron,Gibson,Ron_Gibson4765@joiniaa.com,Male,6-433-074-7702
117,Isabel,Wilde,Isabel_Wilde869@vetan.org,Female,3-537-420-8087
118,Agnes,Brooks,Agnes_Brooks1558@brety.org,Female,8-178-007-6034
119,Erick,Harrison,Erick_Harrison8337@jiman.org,Male,8-700-213-4885
120,Abdul,Burge,Abdul_Burge685@zorer.org,Male,6-867-354-0375
121,Sonya,Holmes,Sonya_Holmes424@gembat.biz,Female,8-261-604-4001
122,Bryon,Emmott,Bryon_Emmott3978@corti.com,Male,4-841-524-0736
123,Lily,Khan,Lily_Khan6093@sveldo.biz,Female,1-611-072-3342
124,Ronald,Pearson,Ronald_Pearson2144@dionrab.com,Male,2-067-302-1756
125,Monica,Brooks,Monica_Brooks6002@twipet.com,Female,0-523-301-7271
126,Liam,Whinter,Liam_Whinter5378@hourpy.biz,Male,7-438-768-0225
127,Henry,Styles,Henry_Styles7183@acrit.org,Male,4-562-804-8120
128,Carter,Kerr,Carter_Kerr1890@brety.org,Male,0-086-273-3175
129,Javier,Jennson,Javier_Jennson4560@fuliss.net,Male,2-807-847-8647
130,Bryon,Thornton,Bryon_Thornton3803@famism.biz,Male,4-546-263-7718
131,Anthony,Wade,Anthony_Wade5951@brety.org,Male,5-253-150-6434
132,Erick,Reading,Erick_Reading2402@yahoo.com,Male,6-756-016-0128
133,Mavis,Ingham,Mavis_Ingham2879@womeona.net,Female,7-134-303-8637
134,Chuck,Benfield,Chuck_Benfield6756@hourpy.biz,Male,2-616-408-3831
135,Raquel,Hooper,Raquel_Hooper2239@iatim.tech,Female,6-056-371-6378
136,Hank,Butler,Hank_Butler2583@eirey.tech,Male,1-431-204-1352
137,Nancy,West,Nancy_West6069@yahoo.com,Female,0-528-888-8018
138,Samara,Tyler,Samara_Tyler8639@gmail.com,Female,5-626-380-5818
139,Luke,Attwood,Luke_Attwood3074@bretoux.com,Male,4-601-253-2284
140,Oliver,Hunt,Oliver_Hunt4044@extex.org,Male,8-862-651-2870
141,Cynthia,Wooldridge,Cynthia_Wooldridge6732@deavo.com,Female,3-133-317-4104
142,Nate,Bolton,Nate_Bolton5056@elnee.tech,Male,3-347-618-8262
143,George,Morrison,George_Morrison8662@kideod.biz,Male,4-257-468-6545
144,Selena,Robertson,Selena_Robertson5656@sveldo.biz,Female,4-217-504-4134
145,Renee,Owens,Renee_Owens6871@yahoo.com,Female,7-271-755-0152
146,Harry,Page ,Harry_Page 7532@mafthy.com,Male,3-521-811-3233
147,Bart,White,Bart_White8911@naiker.biz,Male,6-223-654-6331
148,Benny,Carpenter,Benny_Carpenter7981@liret.org,Male,6-061-715-7522
149,Cecilia,Swan,Cecilia_Swan4290@bretoux.com,Female,4-425-686-4460
150,Joseph,Wilson,Joseph_Wilson5485@deavo.com,Male,5-700-716-4031
151,Janice,Carter,Janice_Carter6980@deons.tech,Female,5-288-818-6334
152,Erick,Collins,Erick_Collins7519@elnee.tech,Male,6-522-625-0555
153,Rihanna,Parker,Rihanna_Parker3617@zorer.org,Female,6-164-560-3471
154,Darlene,Gray,Darlene_Gray4563@sveldo.biz,Female,3-078-703-7343
155,Tony,Bowen,Tony_Bowen1815@yahoo.com,Male,2-461-081-8143
156,Erin,Ventura,Erin_Ventura1118@qater.org,Female,1-204-713-5216
157,Nathan,Richardson,Nathan_Richardson9910@mafthy.com,Male,0-834-316-0640
158,Ramon,Clarke,Ramon_Clarke2837@guentu.biz,Male,5-806-432-5664
159,Mike,Murphy,Mike_Murphy3943@bulaffy.com,Male,1-130-713-3053
160,Nicholas,Vollans,Nicholas_Vollans4123@bauros.biz,Male,4-052-551-8531
161,Carter,Terry,Carter_Terry6144@irrepsy.com,Male,1-044-666-2368
162,Chelsea,Umney,Chelsea_Umney539@cispeto.com,Female,8-220-552-1171
163,Daphne,Kent,Daphne_Kent7461@naiker.biz,Female,6-222-638-8171
164,Megan,Weatcroft,Megan_Weatcroft1626@bretoux.com,Female,1-214-541-3584
165,Sebastian,Eagle,Sebastian_Eagle1951@womeona.net,Male,1-626-183-1371
166,Irene,Fields,Irene_Fields9575@bretoux.com,Female,3-351-171-8043
167,Helen,Welsch,Helen_Welsch9906@famism.biz,Female,2-302-836-3160
168,Sara,Simpson,Sara_Simpson5912@joiniaa.com,Female,7-685-070-6140
169,Alessia,Khan,Alessia_Khan1261@womeona.net,Female,0-418-308-7810
170,Nathan,Tyrrell,Nathan_Tyrrell7744@typill.biz,Male,6-117-240-4786
171,Dakota,Robertson,Dakota_Robertson9066@liret.org,Female,4-010-368-7068
172,Boris,Pearce,Boris_Pearce2673@nanoff.biz,Male,3-834-781-4501
173,Barry,Stewart,Barry_Stewart2043@infotech44.tech,Male,4-657-341-0170
174,Savannah,Chappell,Savannah_Chappell4245@gembat.biz,Female,1-076-508-5756
175,Candace,Cooper,Candace_Cooper7642@grannar.com,Female,0-455-031-4611
176,Peter,Bayliss,Peter_Bayliss7908@gembat.biz,Male,5-102-755-2473
177,Darlene,Harvey,Darlene_Harvey2769@kideod.biz,Female,2-754-056-2887
178,Domenic,Adams,Domenic_Adams9812@gembat.biz,Male,3-543-288-3557
179,Domenic,Wright,Domenic_Wright8826@yahoo.com,Male,3-844-453-8867
180,Leilani,Norris,Leilani_Norris4190@elnee.tech,Female,3-680-086-1488
181,Rufus,Phillips,Rufus_Phillips9521@deons.tech,Male,5-053-880-3221
182,Erica,Bingham,Erica_Bingham3696@elnee.tech,Female,7-108-287-2054
183,Chad,Willis,Chad_Willis8286@sveldo.biz,Male,2-360-478-6764
184,Anthony,Donovan,Anthony_Donovan5244@fuliss.net,Male,7-703-207-1724
185,Alexander,Marshall,Alexander_Marshall3317@famism.biz,Male,4-068-330-2422
186,Bernadette,Weatcroft,Bernadette_Weatcroft9997@womeona.net,Female,1-002-028-7544
187,Doug,Sanchez,Doug_Sanchez2162@fuliss.net,Male,6-435-438-1674
188,Drew,Harper,Drew_Harper5054@twipet.com,Female,0-284-366-1675
189,Madelyn,Ulyatt,Madelyn_Ulyatt807@tonsy.org,Female,6-412-650-1343
190,Logan,Stevens,Logan_Stevens9554@gompie.com,Female,2-805-375-4643
191,Percy,Brooks,Percy_Brooks4391@naiker.biz,Male,1-015-358-2022
192,Tom,Driscoll,Tom_Driscoll6446@qater.org,Male,5-112-264-7015
193,Brad,Cameron,Brad_Cameron9837@dionrab.com,Male,4-834-820-3342
194,Boris,Yoman,Boris_Yoman7506@qater.org,Male,3-255-725-6342
195,Raquel,Vallory,Raquel_Vallory3184@tonsy.org,Female,5-630-571-8812
196,Sloane,Fox,Sloane_Fox9113@iatim.tech,Female,1-643-657-6467
197,Rick,Tindall,Rick_Tindall59@extex.org,Male,6-034-634-6713
198,Valentina,Thorne,Valentina_Thorne3619@tonsy.org,Female,4-565-804-3002
199,Noemi,Mcgregor,Noemi_Mcgregor2204@deavo.com,Female,0-711-420-5744
200,Chris,London,Chris_London4374@acrit.org,Male,2-320-788-1521
201,Michael,Holmes,Michael_Holmes1246@bretoux.com,Male,5-407-036-0050
202,Rick,Rowlands,Rick_Rowlands8778@fuliss.net,Male,0-734-282-0787
203,Sloane,Kennedy,Sloane_Kennedy4003@joiniaa.com,Female,3-836-205-0637
204,Payton,Page ,Payton_Page 2856@acrit.org,Female,6-280-356-7237
205,Stephanie,Harvey,Stephanie_Harvey6159@gembat.biz,Female,6-850-777-3543
206,Sienna,Knight,Sienna_Knight5557@ovock.tech,Female,0-148-035-7856
207,Nicole,Malone,Nicole_Malone2707@twipet.com,Female,5-365-740-5703
208,Hazel,Graham,Hazel_Graham3031@sheye.org,Female,7-466-550-1710
209,Martin,Moore,Martin_Moore1229@eirey.tech,Male,1-128-153-2222
210,Benny,Strong,Benny_Strong4278@mafthy.com,Male,6-656-875-3828
211,Bridget,Wade,Bridget_Wade2119@extex.org,Female,5-043-572-3326
212,Stacy,Booth,Stacy_Booth6618@kideod.biz,Female,2-356-135-4223
213,Barney,Wigley,Barney_Wigley696@nickia.com,Male,3-203-172-2448
214,Kamila,Farrow,Kamila_Farrow3304@twace.org,Female,6-722-368-7357
215,Johnny,Miller,Johnny_Miller6901@bulaffy.com,Male,7-335-143-4676
216,Michael,Lowe,Michael_Lowe1051@gompie.com,Male,5-132-851-4724
217,Rylee,Rogers,Rylee_Rogers1992@ovock.tech,Female,2-865-538-7571
218,Erick,Drew,Erick_Drew7330@twace.org,Male,3-453-762-0217
219,Ruth,Wigley,Ruth_Wigley5169@muall.tech,Female,8-072-873-4378
220,Ronald,Chapman,Ronald_Chapman7529@irrepsy.com,Male,1-634-324-4211
221,Gil,Palmer,Gil_Palmer6785@iatim.tech,Male,4-521-351-7472
222,Johnny,Lewis,Johnny_Lewis964@joiniaa.com,Male,0-720-572-6651
223,Jayden,Avery,Jayden_Avery2821@grannar.com,Male,3-114-701-5742
224,Tom,Waterson,Tom_Waterson411@cispeto.com,Male,3-731-870-4608
225,Alan,Ellison,Alan_Ellison9887@gmail.com,Male,8-823-260-3620
226,Madison,Vernon,Madison_Vernon1791@sveldo.biz,Female,8-315-421-0001
227,Blake,Utterson,Blake_Utterson2593@liret.org,Female,0-027-012-7148
228,Ramon,Plumb,Ramon_Plumb8041@atink.com,Male,4-518-360-2257
229,Rita,Nanton,Rita_Nanton7925@zorer.org,Female,6-072-727-6271
230,Gil,Baldwin,Gil_Baldwin4009@eirey.tech,Male,4-604-531-5744
231,Barney,Bullock,Barney_Bullock1563@irrepsy.com,Male,5-628-532-1177
232,Maxwell,Uddin,Maxwell_Uddin4626@deavo.com,Male,6-177-165-6063
233,Ethan,Garner,Ethan_Garner656@liret.org,Male,1-684-826-2343
234,Rick,Robinson,Rick_Robinson9822@twace.org,Male,4-056-486-2458
235,Ramon,Turner,Ramon_Turner7729@acrit.org,Male,7-660-771-5612
236,Russel,Saunders,Russel_Saunders4380@typill.biz,Male,0-056-562-2367
237,Chad,Mason,Chad_Mason6024@muall.tech,Male,7-233-514-1773
238,Miley,John,Miley_John4704@kideod.biz,Female,2-660-104-7412
239,Alan,Vallins,Alan_Vallins6506@famism.biz,Male,3-143-470-4787
240,Adalind,Pitt,Adalind_Pitt3355@mafthy.com,Female,8-786-517-4101
241,Madelyn,Tyler,Madelyn_Tyler7693@cispeto.com,Female,0-287-685-5315
242,Natalie,Morris,Natalie_Morris9797@fuliss.net,Female,0-717-605-7368
243,Maia,Price,Maia_Price889@liret.org,Female,0-052-282-1202
244,Nicole,Armstrong,Nicole_Armstrong2166@grannar.com,Female,6-835-313-0316
245,Barney,Pierce,Barney_Pierce5420@naiker.biz,Male,7-836-777-5403
246,Lana,Higgs,Lana_Higgs6789@elnee.tech,Female,2-071-671-2764
247,Hadley,Walker,Hadley_Walker6950@deavo.com,Female,2-217-814-8710
248,Bethany,Olson,Bethany_Olson730@atink.com,Female,6-381-002-4803
249,Alessandra,Steer,Alessandra_Steer6469@mafthy.com,Female,2-328-383-1760
250,Cassandra,Shaw,Cassandra_Shaw4305@kideod.biz,Female,1-273-227-2001
251,Rose,Pierce,Rose_Pierce4286@atink.com,Female,2-673-345-8121
252,Ellen,Umney,Ellen_Umney9475@gompie.com,Female,8-373-003-5282
253,Sasha,Gosling,Sasha_Gosling6632@gmail.com,Female,7-653-671-4086
254,Bart,Bryson,Bart_Bryson1707@gmail.com,Male,1-025-254-7042
255,Jade,Sherwood,Jade_Sherwood4948@vetan.org,Female,0-280-155-8816
256,Josephine,Stewart,Josephine_Stewart746@guentu.biz,Female,4-502-501-5527
257,Charlize,Crawley,Charlize_Crawley2320@deavo.com,Female,1-830-846-5247
258,Harvey,Slater,Harvey_Slater2552@typill.biz,Male,2-757-317-4436
259,Rocco,Rose,Rocco_Rose4454@vetan.org,Male,5-140-412-5252
260,Alexander,Allcott,Alexander_Allcott6182@infotech44.tech,Male,0-311-674-5308
261,Melinda,Stanley,Melinda_Stanley3438@guentu.biz,Female,1-127-662-1154
262,Hanna,Mould,Hanna_Mould1222@liret.org,Female,7-041-830-3103
263,Remy,Jefferson,Remy_Jefferson9838@tonsy.org,Female,2-454-258-8418
264,Johnathan,Johnson,Johnathan_Johnson8506@eirey.tech,Male,6-233-172-3557
265,Tania,Flynn,Tania_Flynn5655@gembat.biz,Female,5-550-534-1410
266,Havana,Wild,Havana_Wild5060@guentu.biz,Female,1-660-163-0600
267,Carl,Leigh,Carl_Leigh3867@infotech44.tech,Male,5-268-178-1652
268,Doris,Matthews,Doris_Matthews3690@nanoff.biz,Female,4-743-381-8834
269,Bryon,Fenton,Bryon_Fenton6658@eirey.tech,Male,2-217-887-7301
270,Cassidy,Wilson,Cassidy_Wilson6784@sheye.org,Female,8-448-124-8234
271,Domenic,Mccall,Domenic_Mccall5788@ovock.tech,Male,4-086-585-4070
272,Nathan,Owens,Nathan_Owens7971@corti.com,Male,5-161-086-7643
273,Gabriel,Walsh,Gabriel_Walsh5412@bungar.biz,Male,6-577-357-3143
274,Karen,Wigley,Karen_Wigley6474@kideod.biz,Female,4-418-412-7842
275,Angela,Gibbons,Angela_Gibbons5361@nanoff.biz,Female,3-168-148-6742
276,Abdul,Khan,Abdul_Khan7382@kideod.biz,Male,4-064-244-8415
277,Doris,Olson,Doris_Olson8748@brety.org,Female,8-365-282-2558
278,Elena,Thorpe,Elena_Thorpe5138@nanoff.biz,Female,2-433-161-8632
279,Cadence,Morgan,Cadence_Morgan4266@eirey.tech,Female,2-267-213-2585
280,Sabina,Calderwood,Sabina_Calderwood950@vetan.org,Female,2-324-665-6550
281,Louise,Chapman,Louise_Chapman5219@vetan.org,Female,0-147-028-1574
282,Janice,Pearson,Janice_Pearson1887@bretoux.com,Female,6-082-550-0653
283,Benjamin,Dunbar,Benjamin_Dunbar787@womeona.net,Male,7-717-202-3180
284,Katelyn,Cooper,Katelyn_Cooper8280@fuliss.net,Female,8-450-453-6265
285,Eileen,Abbey,Eileen_Abbey4539@twipet.com,Female,6-212-385-8468
286,Luke,Nash,Luke_Nash5870@bungar.biz,Male,2-578-226-0826
287,Tony,Middleton,Tony_Middleton6427@grannar.com,Male,2-475-450-1084
288,Celia,Eagle,Celia_Eagle9962@twipet.com,Female,2-832-404-1458
289,Janice,Wheeler,Janice_Wheeler3253@brety.org,Female,2-001-787-7222
290,Kieth,Campbell,Kieth_Campbell7237@typill.biz,Male,0-616-643-3800
291,Fred,Rogers,Fred_Rogers1259@nimogy.biz,Male,7-818-484-4171
292,Bob,Hopkinson,Bob_Hopkinson2014@fuliss.net,Male,2-556-456-7787
293,Rosie,Vallory,Rosie_Vallory1313@extex.org,Female,2-758-575-2551
294,Nick,Purvis,Nick_Purvis8801@jiman.org,Male,2-406-324-1686
295,Rae,Webster,Rae_Webster816@cispeto.com,Female,1-333-668-4885
296,Ciara,Judd,Ciara_Judd9162@bretoux.com,Female,3-576-841-7877
297,Gabriel,Roman,Gabriel_Roman678@acrit.org,Male,3-478-571-2337
298,Nathan,Myatt,Nathan_Myatt8173@grannar.com,Male,5-452-281-5780
299,Daniel,Gray,Daniel_Gray5255@iatim.tech,Male,0-332-766-4412
300,Rufus,Everett,Rufus_Everett558@typill.biz,Male,8-561-055-3780
301,Camila,Exton,Camila_Exton3284@cispeto.com,Female,5-310-767-6768
302,Daron,Phillips,Daron_Phillips498@ubusive.com,Male,4-886-877-8076
303,Ramon,Mason,Ramon_Mason9952@tonsy.org,Male,5-665-077-3176
304,Peter,Jennson,Peter_Jennson9753@bauros.biz,Male,4-357-543-0771
305,Denis,Rosenbloom,Denis_Rosenbloom8950@deavo.com,Male,0-355-310-2600
306,Eden,Greenwood,Eden_Greenwood7532@nickia.com,Female,6-551-813-5286
307,Denny,Hudson,Denny_Hudson8727@brety.org,Male,1-505-124-5742
308,Elisabeth,Watson,Elisabeth_Watson3883@muall.tech,Female,8-211-012-0013
309,Francesca,Pond,Francesca_Pond1420@typill.biz,Female,4-150-430-5160
310,Gabriel,Forester,Gabriel_Forester3280@kideod.biz,Male,3-550-037-5001
311,Chad,Davies,Chad_Davies1776@brety.org,Male,6-200-370-4842
312,Roger,James,Roger_James76@deavo.com,Male,3-413-366-3427
313,Johnathan,Michael,Johnathan_Michael8562@bretoux.com,Male,0-031-864-4184
314,Davina,Button,Davina_Button1973@nimogy.biz,Female,1-543-243-5852
315,Peyton,Drew,Peyton_Drew4082@nickia.com,Female,2-838-476-8271
316,Caleb,Chapman,Caleb_Chapman6491@cispeto.com,Male,7-176-758-4012
317,Brooklyn,Allen,Brooklyn_Allen1343@extex.org,Female,3-222-677-4061
318,Chadwick,Foxley,Chadwick_Foxley5783@hourpy.biz,Male,4-171-423-4353
319,Jennifer,Ellis,Jennifer_Ellis763@sheye.org,Female,2-311-138-2787
320,Julian,Torres,Julian_Torres7182@jiman.org,Male,8-818-788-7313
321,Mason,Avery,Mason_Avery596@deons.tech,Male,5-155-377-7634
322,Owen,Shepherd,Owen_Shepherd6711@mafthy.com,Male,3-155-332-2614
323,Charlize,Garner,Charlize_Garner8037@mafthy.com,Female,5-454-412-0143
324,Boris,Dempsey,Boris_Dempsey7666@yahoo.com,Male,0-843-173-2652
325,Logan,Broomfield,Logan_Broomfield7027@nanoff.biz,Male,6-186-703-4277
326,Ronald,Anderson,Ronald_Anderson7746@vetan.org,Male,4-714-362-1748
327,Luna,Vallory,Luna_Vallory7384@guentu.biz,Female,0-506-181-7885
328,Mayleen,Yoman,Mayleen_Yoman5580@muall.tech,Female,2-703-336-5043
329,Abdul,Lynch,Abdul_Lynch689@supunk.biz,Male,2-148-380-5475
330,Margot,Herbert,Margot_Herbert3794@twace.org,Female,3-874-612-1136
331,Marvin,Whitmore,Marvin_Whitmore5157@nickia.com,Male,0-308-870-6750
332,Eduardo,Tate,Eduardo_Tate377@iatim.tech,Male,6-155-402-7252
333,Noemi,Chadwick,Noemi_Chadwick1283@elnee.tech,Female,0-806-406-7741
334,Valerie,Dobson,Valerie_Dobson6606@joiniaa.com,Female,0-310-537-0626
335,Luna,Sherry,Luna_Sherry9734@famism.biz,Female,3-053-207-6640
336,Angelique,Jackson,Angelique_Jackson6427@gembat.biz,Female,0-624-351-5770
337,Daron,Lane,Daron_Lane2362@vetan.org,Male,4-575-622-2877
338,Martin,Robinson,Martin_Robinson1131@guentu.biz,Male,5-168-833-7427
339,Chadwick,Myatt,Chadwick_Myatt7924@gompie.com,Male,1-036-240-1463
340,Javier,Collis,Javier_Collis8930@zorer.org,Male,2-077-513-7204
341,Diane,Adams,Diane_Adams322@acrit.org,Female,4-045-366-7460
342,Ciara,Wade,Ciara_Wade9005@twace.org,Female,3-664-470-7844
343,Anthony,Parsons,Anthony_Parsons3266@ubusive.com,Male,7-734-821-8142
344,Anthony,Simpson,Anthony_Simpson6168@tonsy.org,Male,8-257-824-6322
345,Michelle,Walsh,Michelle_Walsh7324@naiker.biz,Female,2-067-445-4336
346,William,Mccormick,William_Mccormick8688@nickia.com,Male,4-068-758-7407
347,Mary,Dickson,Mary_Dickson5951@bulaffy.com,Female,6-434-370-2476
348,Noemi,Eddison,Noemi_Eddison3829@bretoux.com,Female,6-605-347-8836
349,Remy,Tennant,Remy_Tennant940@liret.org,Female,6-322-025-5361
350,Hank,Jarvis,Hank_Jarvis4876@nimogy.biz,Male,3-878-305-4442
351,Julian,Roman,Julian_Roman6798@ubusive.com,Male,8-004-534-8866
352,Lily,Benson,Lily_Benson2325@qater.org,Female,7-136-325-7572
353,Vivian,Dickson,Vivian_Dickson4639@bulaffy.com,Female,3-452-643-8328
354,Jules,Ellwood,Jules_Ellwood987@bungar.biz,Female,7-480-564-6051
355,Denny,Speed,Denny_Speed2236@qater.org,Male,5-726-060-6806
356,Hayden,Jarvis,Hayden_Jarvis2029@bulaffy.com,Male,3-883-661-4671
357,Regina,Ramsey,Regina_Ramsey6928@qater.org,Female,7-260-677-2556
358,Crystal,Attwood,Crystal_Attwood9688@gembat.biz,Female,1-278-701-1278
359,Noah,Murray,Noah_Murray122@eirey.tech,Male,4-817-511-0103
360,Clint,Cooper,Clint_Cooper1987@muall.tech,Male,4-383-825-8388
361,Raquel,Dyson,Raquel_Dyson7465@supunk.biz,Female,6-086-416-8686
362,Harriet,Collis,Harriet_Collis7074@liret.org,Female,7-520-555-7111
363,Melody,Forester,Melody_Forester6308@irrepsy.com,Female,7-167-822-4227
364,Goldie,Kennedy,Goldie_Kennedy2314@gembat.biz,Female,4-116-143-7304
365,Denny,Johnson,Denny_Johnson1077@qater.org,Male,3-554-728-4237
366,George,Gray,George_Gray9769@joiniaa.com,Male,2-420-652-0527
367,Josh,Webster,Josh_Webster7211@bauros.biz,Male,3-558-571-1714
368,Morgan,Kelly,Morgan_Kelly5201@guentu.biz,Female,8-548-682-4201
369,Leanne,Pope,Leanne_Pope990@womeona.net,Female,0-360-651-7747
370,Erick,Atkinson,Erick_Atkinson2725@ubusive.com,Male,1-025-563-3278
371,Jacob,Thatcher,Jacob_Thatcher4158@famism.biz,Male,5-113-103-1733
372,Camellia,Jenkin,Camellia_Jenkin9050@ovock.tech,Female,0-023-353-5361
373,Aiden,Haines,Aiden_Haines4026@gmail.com,Male,0-011-807-4738
374,Rocco,Flanders,Rocco_Flanders838@extex.org,Male,6-364-256-6621
375,Ada,Aldridge,Ada_Aldridge114@deavo.com,Female,2-767-083-8423
376,Harry,Vangness,Harry_Vangness881@guentu.biz,Male,8-054-744-4166
377,Emely,Button,Emely_Button9787@iatim.tech,Female,1-225-532-5623
378,Ethan,Rodgers,Ethan_Rodgers1023@supunk.biz,Male,6-000-422-2716
379,Colleen,Roman,Colleen_Roman4001@nimogy.biz,Female,0-753-252-7010
380,Bart,Dixon,Bart_Dixon5698@naiker.biz,Male,8-842-688-2625
381,Sara,Vernon,Sara_Vernon9712@nickia.com,Female,8-267-347-1401
382,Judith,Wills,Judith_Wills1932@bungar.biz,Female,5-310-375-1526
383,Bryon,Flanders,Bryon_Flanders1158@kideod.biz,Male,6-203-546-0277
384,Daniel,Kidd,Daniel_Kidd3653@ovock.tech,Male,0-447-531-6710
385,Percy,Bailey,Percy_Bailey776@sheye.org,Male,6-883-083-8087
386,Selena,Morris,Selena_Morris3675@dionrab.com,Female,3-582-178-6635
387,Charlize,Rothwell,Charlize_Rothwell7068@bretoux.com,Female,1-405-050-8432
388,Alexia,Lee,Alexia_Lee7013@sveldo.biz,Female,1-473-508-5247
389,Doug,Barclay,Doug_Barclay1580@brety.org,Male,3-807-388-2535
390,Renee,Alexander,Renee_Alexander9582@hourpy.biz,Female,1-147-530-8602
391,Rosie,Bell,Rosie_Bell912@guentu.biz,Female,2-708-758-0853
392,Jenna,Lucas,Jenna_Lucas8220@atink.com,Female,4-825-748-7575
393,Kieth,Atkinson,Kieth_Atkinson5695@tonsy.org,Male,4-164-255-6576
394,Rosalie,Curtis,Rosalie_Curtis4504@typill.biz,Female,1-161-420-1262
395,Kieth,Shea,Kieth_Shea7677@ubusive.com,Male,2-530-225-7252
396,Meredith,Lomax,Meredith_Lomax1786@womeona.net,Female,3-345-076-3082
397,Ruth,Ulyatt,Ruth_Ulyatt9302@deons.tech,Female,0-738-870-2157
398,Fred,Watson,Fred_Watson1050@gembat.biz,Male,4-372-276-6133
399,Ron,Ellis,Ron_Ellis3644@twipet.com,Male,4-300-454-3718
400,Bryon,Thompson,Bryon_Thompson2019@sheye.org,Male,3-527-686-1646
401,Bob,Ulyatt,Bob_Ulyatt4193@elnee.tech,Male,6-618-062-8357
402,Manuel,Wellington,Manuel_Wellington1332@atink.com,Male,3-605-633-7617
403,Adalind,Hope,Adalind_Hope4803@gembat.biz,Female,0-455-278-7238
404,Candice,Clarke,Candice_Clarke5568@liret.org,Female,3-536-826-0354
405,Tony,Flett,Tony_Flett3272@bulaffy.com,Male,5-544-080-6304
406,Enoch,Russel,Enoch_Russel2565@sheye.org,Male,7-773-018-4824
407,Celina,Hastings,Celina_Hastings5857@twace.org,Female,1-868-263-8522
408,Benny,Brennan,Benny_Brennan2352@tonsy.org,Male,3-413-545-0154
409,Elijah,Quinton,Elijah_Quinton8829@nimogy.biz,Male,1-308-503-4385
410,Luke,Owen,Luke_Owen2541@bauros.biz,Male,5-006-531-8107
411,Jacob,Nicholls,Jacob_Nicholls3796@gompie.com,Male,0-712-736-8148
412,Olivia,Snell,Olivia_Snell2892@famism.biz,Female,4-758-587-0305
413,Gil,Riley,Gil_Riley2749@nickia.com,Male,8-355-662-6382
414,Chris,Ellwood,Chris_Ellwood5431@dionrab.com,Male,6-588-482-1430
415,Aeris,Oakley,Aeris_Oakley6490@deons.tech,Female,6-845-603-2185
416,Bree,Robinson,Bree_Robinson471@eirey.tech,Female,0-664-333-3122
417,Anabel,Mcnally,Anabel_Mcnally5779@famism.biz,Female,6-554-045-6285
418,Vivian,Tyler,Vivian_Tyler574@joiniaa.com,Female,6-835-240-1471
419,Eduardo,Samuel,Eduardo_Samuel790@guentu.biz,Male,7-354-011-7136
420,Benny,Edwards,Benny_Edwards1656@nickia.com,Male,3-565-304-2464
421,Bryon,Butler,Bryon_Butler5247@supunk.biz,Male,8-565-661-7113
422,Davina,Hope,Davina_Hope9457@irrepsy.com,Female,3-418-430-1446
423,Rocco,Watson,Rocco_Watson2171@sheye.org,Male,4-484-674-6181
424,Caleb,Becker,Caleb_Becker5248@sveldo.biz,Male,7-010-325-4124
425,Callie,Emmett,Callie_Emmett1449@eirey.tech,Female,6-353-655-1238
426,Janelle,Redwood,Janelle_Redwood1734@twace.org,Female,3-154-022-8450
427,Michaela,Grady,Michaela_Grady108@famism.biz,Female,5-141-145-7176
428,Natalie,Duvall,Natalie_Duvall2998@corti.com,Female,4-868-513-3185
429,Lucas,Tate,Lucas_Tate9446@qater.org,Male,5-050-268-5834
430,Bryon,Pearson,Bryon_Pearson7635@muall.tech,Male,4-031-881-7840
431,Raquel,Farrell,Raquel_Farrell7616@bauros.biz,Female,4-288-226-2677
432,Alex,Andrews,Alex_Andrews8125@joiniaa.com,Female,8-846-513-2218
433,Maxwell,Vincent,Maxwell_Vincent7707@iatim.tech,Male,0-467-165-7213
434,Charlize,Spencer,Charlize_Spencer1880@gmail.com,Female,4-724-814-6806
435,Erica,Simpson,Erica_Simpson321@ubusive.com,Female,3-266-617-8388
436,Camden,Huggins,Camden_Huggins7903@corti.com,Female,3-835-131-1258
437,Fred,Parr,Fred_Parr3640@cispeto.com,Male,6-864-653-5414
438,Sofia,Roberts,Sofia_Roberts9388@bungar.biz,Female,4-081-184-4458
439,Caydence,Clifton,Caydence_Clifton6274@guentu.biz,Female,3-875-628-8526
440,Bob,Reid,Bob_Reid9813@irrepsy.com,Male,6-241-402-8104
441,Rosa,Wills,Rosa_Wills9045@acrit.org,Female,5-018-770-1456
442,Doug,Cobb,Doug_Cobb9378@famism.biz,Male,8-335-774-5424
443,Rocco,Ellis,Rocco_Ellis7817@vetan.org,Male,0-822-844-0834
444,Maia,Glass,Maia_Glass5627@yahoo.com,Female,4-402-615-2245
445,Julian,Ulyatt,Julian_Ulyatt9802@bulaffy.com,Male,8-060-887-5840
446,Sebastian,Hall,Sebastian_Hall8904@guentu.biz,Male,2-252-266-0588
447,Sebastian,Griffiths,Sebastian_Griffiths5085@womeona.net,Male,1-522-451-6754
448,Gil,Tobin,Gil_Tobin6673@gmail.com,Male,5-620-628-0387
449,Catherine,Hewitt,Catherine_Hewitt5509@vetan.org,Female,0-251-753-4311
450,Maribel,Evans,Maribel_Evans3184@supunk.biz,Female,8-617-322-2163
451,Bristol,Pearson,Bristol_Pearson9813@grannar.com,Female,2-371-618-4206
452,Joseph,Murray,Joseph_Murray4925@elnee.tech,Male,1-734-502-7678
453,Elijah,Mason,Elijah_Mason2219@twipet.com,Male,3-856-152-2125
454,Domenic,Isaac,Domenic_Isaac9164@cispeto.com,Male,3-111-524-2028
455,Henry,Roberts,Henry_Roberts5546@bungar.biz,Male,0-478-811-1466
456,Mark,Marshall,Mark_Marshall450@deons.tech,Male,1-015-650-4132
457,Gil,Kennedy,Gil_Kennedy10@deons.tech,Male,2-364-400-0057
458,Joseph,Reese,Joseph_Reese9487@typill.biz,Male,2-472-276-4777
459,Hope,Dann,Hope_Dann6926@naiker.biz,Female,1-531-600-5501
460,Tania,Hunter,Tania_Hunter3130@vetan.org,Female,3-422-048-0511
461,Martin,Fox,Martin_Fox1528@iatim.tech,Male,4-231-546-5564
462,Faith,Booth,Faith_Booth5660@atink.com,Female,5-144-104-0078
463,Ronald,Rogers,Ronald_Rogers661@joiniaa.com,Male,0-014-785-5363
464,Fiona,Asher,Fiona_Asher5766@twace.org,Female,0-814-318-0566
465,Martin,Wilson,Martin_Wilson4687@dionrab.com,Male,1-582-628-7620
466,Logan,Waterhouse,Logan_Waterhouse3906@tonsy.org,Female,4-128-672-3217
467,Enoch,King,Enoch_King9397@cispeto.com,Male,7-015-251-5588
468,Madison,Mould,Madison_Mould3258@sveldo.biz,Female,6-360-376-7400
469,Kieth,Potts,Kieth_Potts1032@yahoo.com,Male,8-304-240-3172
470,Caleb,Middleton,Caleb_Middleton5619@liret.org,Male,6-561-424-6751
471,Ryan,Forth,Ryan_Forth8205@grannar.com,Male,8-810-476-6183
472,Anthony,Thorne,Anthony_Thorne4565@bretoux.com,Male,0-423-414-6488
473,Oliver,Lucas,Oliver_Lucas4798@eirey.tech,Male,3-502-260-4220
474,Melanie,Hobson,Melanie_Hobson7304@bauros.biz,Female,0-226-375-2086
475,Rosie,Herbert,Rosie_Herbert9506@qater.org,Female,2-714-761-8174
476,Danielle,Hardwick,Danielle_Hardwick1730@grannar.com,Female,6-185-074-8172
477,Fred,Gilbert,Fred_Gilbert705@typill.biz,Male,4-742-250-7180
478,Faith,Vincent,Faith_Vincent6008@hourpy.biz,Female,3-770-205-4588
479,Martha,Sherry,Martha_Sherry4588@twipet.com,Female,4-284-458-6774
480,Mike,Cartwright,Mike_Cartwright6911@twipet.com,Male,7-282-278-7551
481,Cadence,Vince,Cadence_Vince5769@guentu.biz,Female,3-273-828-2411
482,Sienna,Stevens,Sienna_Stevens2292@irrepsy.com,Female,7-131-230-6786
483,Charlize,Owen,Charlize_Owen9286@bulaffy.com,Female,4-345-808-8666
484,Alexander,Sherry,Alexander_Sherry9135@vetan.org,Male,4-348-186-5021
485,Noemi,Walter,Noemi_Walter2242@qater.org,Female,4-700-813-1463
486,Kate,Whittle,Kate_Whittle8505@yahoo.com,Female,8-437-346-8766
487,Marissa,Jobson,Marissa_Jobson5191@nanoff.biz,Female,1-050-521-6513
488,Zoe,Chadwick,Zoe_Chadwick3493@vetan.org,Female,6-642-132-1035
489,Gil,Gonzales,Gil_Gonzales8355@corti.com,Male,1-738-321-0633
490,Alexander,Maxwell,Alexander_Maxwell4254@brety.org,Male,2-764-063-8475
491,Diane,Cox,Diane_Cox5426@womeona.net,Female,7-513-232-1308
492,Jocelyn,Wilde,Jocelyn_Wilde1752@deons.tech,Female,4-076-100-0735
493,Jocelyn,Roberts,Jocelyn_Roberts8137@gmail.com,Female,7-747-833-3563
494,Johnny,Mullins,Johnny_Mullins3835@hourpy.biz,Male,7-460-641-3405
495,Carl,Chadwick,Carl_Chadwick1003@zorer.org,Male,7-251-453-2435
496,Marjorie,Shaw,Marjorie_Shaw2670@acrit.org,Female,1-258-133-4437
497,Bob,Funnell,Bob_Funnell3266@qater.org,Male,3-024-282-6104
498,Tom,Dempsey,Tom_Dempsey3574@vetan.org,Male,7-721-581-6015
499,Davina,Potter,Davina_Potter3156@elnee.tech,Female,6-100-732-2838
500,Adeline,Lloyd,Adeline_Lloyd4280@typill.biz,Female,6-458-710-7266
501,Mackenzie,Wilson,Mackenzie_Wilson1720@muall.tech,Female,0-143-048-8642
502,Clint,Atkinson,Clint_Atkinson1780@dionrab.com,Male,8-773-800-2555
503,Danny,Barrett,Danny_Barrett7422@bauros.biz,Male,4-225-606-0057
504,Boris,Rivers,Boris_Rivers5481@sheye.org,Male,2-372-014-1483
505,Ellen,Woods,Ellen_Woods5049@womeona.net,Female,1-863-270-2731
506,Denis,Freeburn,Denis_Freeburn345@vetan.org,Male,7-386-317-3213
507,Carl,Everett,Carl_Everett3429@extex.org,Male,7-507-856-8163
508,Rick,Gray,Rick_Gray3007@ovock.tech,Male,5-157-778-8066
509,Abdul,Murphy,Abdul_Murphy8148@naiker.biz,Male,5-354-771-7134
510,Owen,Wallace,Owen_Wallace761@gompie.com,Male,5-133-070-7870
511,Russel,Kelly,Russel_Kelly5278@vetan.org,Male,6-830-624-0644
512,Tara,Strong,Tara_Strong6270@liret.org,Female,4-532-554-5780
513,Danny,Vernon,Danny_Vernon9415@joiniaa.com,Male,8-114-887-2335
514,Chloe,Tait,Chloe_Tait4389@guentu.biz,Female,1-815-127-3733
515,Doug,Osman,Doug_Osman5395@grannar.com,Male,8-405-565-0118
516,Sebastian,Roberts,Sebastian_Roberts6289@typill.biz,Male,5-020-773-1053
517,Tyson,Uttridge,Tyson_Uttridge419@gmail.com,Male,0-875-425-5817
518,Adina,Rycroft,Adina_Rycroft8029@grannar.com,Female,1-425-155-4511
519,Abdul,Rogers,Abdul_Rogers9089@gmail.com,Male,8-587-065-4764
520,Domenic,Cunningham,Domenic_Cunningham6177@elnee.tech,Male,4-403-732-0814
521,Alan,Oswald,Alan_Oswald9553@twipet.com,Male,3-155-076-0270
522,Hank,Callan,Hank_Callan5368@iatim.tech,Male,1-327-126-6151
523,Naomi,Driscoll,Naomi_Driscoll5786@gembat.biz,Female,7-472-363-3541
524,Boris,Mullins,Boris_Mullins9095@bulaffy.com,Male,3-584-287-7714
525,Fred,Walter,Fred_Walter5142@naiker.biz,Male,0-075-668-4465
526,Leanne,James,Leanne_James2862@yahoo.com,Female,6-025-548-3448
527,Manuel,Calderwood,Manuel_Calderwood6213@twipet.com,Male,0-716-670-8612
528,Lana,Fowler,Lana_Fowler1851@dionrab.com,Female,8-455-447-2110
529,Johnathan,Dallas,Johnathan_Dallas9609@joiniaa.com,Male,2-484-011-5735
530,Roger,Larkin,Roger_Larkin7318@nanoff.biz,Male,8-160-522-4460
531,Angela,Oldfield,Angela_Oldfield3359@naiker.biz,Female,4-610-733-8611
532,Percy,Vince,Percy_Vince2706@sveldo.biz,Male,0-767-615-8530
533,Candace,Rogan,Candace_Rogan3126@gmail.com,Female,2-003-062-0710
534,Domenic,Shields,Domenic_Shields7901@grannar.com,Male,2-416-654-0282
535,Harvey,Richardson,Harvey_Richardson8955@deavo.com,Male,0-200-803-6705
536,Ethan,Wilson,Ethan_Wilson3145@elnee.tech,Male,7-726-444-2670
537,Alba,Rowlands,Alba_Rowlands1558@nimogy.biz,Female,3-445-236-8847
538,Rita,Lindsay,Rita_Lindsay9779@womeona.net,Female,1-047-475-6122
539,Enoch,Saunders,Enoch_Saunders4525@zorer.org,Male,5-784-534-6585
540,Caitlyn,Heaton,Caitlyn_Heaton592@gompie.com,Female,8-028-768-8014
541,Elena,Kent,Elena_Kent4284@iatim.tech,Female,4-150-568-1878
542,Scarlett,Robinson,Scarlett_Robinson2489@dionrab.com,Female,0-354-600-5410
543,Sadie,Overson,Sadie_Overson2252@atink.com,Female,2-703-232-7778
544,Vera,Fenton,Vera_Fenton2120@twipet.com,Female,3-002-604-3048
545,Chris,Todd,Chris_Todd6783@typill.biz,Male,2-308-602-6720
546,William,Fisher,William_Fisher8217@sveldo.biz,Male,8-116-464-8273
547,Jasmine,Warner,Jasmine_Warner3102@nanoff.biz,Female,2-728-506-4773
548,Ramon,Tyrrell,Ramon_Tyrrell980@iatim.tech,Male,4-458-754-8418
549,Claire,Harvey,Claire_Harvey7898@irrepsy.com,Female,2-876-314-1581
550,Johnny,Preston,Johnny_Preston2756@kideod.biz,Male,8-748-416-0176
551,Eryn,Chadwick,Eryn_Chadwick5796@bretoux.com,Female,5-061-021-6163
552,Tony,Emmott,Tony_Emmott6779@nanoff.biz,Male,8-881-761-5136
553,Jessica,Ballard,Jessica_Ballard5939@guentu.biz,Female,3-163-742-2243
554,Alison,Kent,Alison_Kent502@sheye.org,Female,1-536-635-4884
555,Brooklyn,Cavanagh,Brooklyn_Cavanagh7452@typill.biz,Female,8-445-045-8526
556,Dasha,Lambert,Dasha_Lambert6801@kideod.biz,Female,6-847-570-7747
557,Dalia,Collins,Dalia_Collins6343@womeona.net,Female,5-427-006-6007
558,Maria,Harrington,Maria_Harrington7922@deons.tech,Female,0-627-263-6187
559,Mark,Wright,Mark_Wright1379@naiker.biz,Male,2-118-677-0562
560,Kieth,York,Kieth_York445@mafthy.com,Male,4-725-278-0717
561,Samara,Drew,Samara_Drew6889@elnee.tech,Female,7-581-373-6680
562,Valerie,Fox,Valerie_Fox7712@muall.tech,Female,0-241-821-8768
563,Remy,Thornton,Remy_Thornton5850@gembat.biz,Female,4-351-107-7487
564,Caitlyn,Purvis,Caitlyn_Purvis1062@qater.org,Female,2-380-737-1413
565,Anthony,Nash,Anthony_Nash5006@bungar.biz,Male,0-308-825-3432
566,Crystal,Swift,Crystal_Swift8731@deavo.com,Female,0-126-607-8584
567,Ryan,Brown,Ryan_Brown3691@yahoo.com,Male,5-676-312-6304
568,Noemi,Emmett,Noemi_Emmett5477@corti.com,Female,4-355-231-0331
569,Cedrick,Adams,Cedrick_Adams9334@bulaffy.com,Male,5-172-680-0203
570,Rosemary,Tait,Rosemary_Tait8999@sveldo.biz,Female,7-035-236-6870
571,Aiden,Mccall,Aiden_Mccall5552@gmail.com,Male,2-355-735-5827
572,Charlotte,Goodman,Charlotte_Goodman3040@muall.tech,Female,0-842-361-5610
573,Elly,Roth,Elly_Roth7995@eirey.tech,Female,5-440-057-0207
574,Kirsten,Overson,Kirsten_Overson7413@twipet.com,Female,8-571-853-0025
575,Shay,Becker,Shay_Becker108@tonsy.org,Female,7-711-826-1162
576,Manuel,Haines,Manuel_Haines2652@hourpy.biz,Male,8-136-570-0032
577,Alba,Rixon,Alba_Rixon8573@sveldo.biz,Female,5-811-831-8780
578,Maxwell,Simpson,Maxwell_Simpson3030@iatim.tech,Male,3-774-180-1883
579,Tyler,Jacobs,Tyler_Jacobs4715@atink.com,Male,0-263-871-7780
580,Paula,Booth,Paula_Booth9583@fuliss.net,Female,2-021-480-0047
581,Remy,Kelly,Remy_Kelly6084@iatim.tech,Female,4-882-305-5200
582,Gloria,Lindsay,Gloria_Lindsay4535@grannar.com,Female,6-470-535-3823
583,Tyler,Simpson,Tyler_Simpson3989@mafthy.com,Male,3-801-886-4188
584,Chuck,Sanchez,Chuck_Sanchez3304@naiker.biz,Male,2-178-852-7462
585,Sebastian,Russell,Sebastian_Russell6692@bretoux.com,Male,6-443-741-4336
586,Greta,Warren,Greta_Warren662@nickia.com,Female,6-277-437-3413
587,Anthony,Boyle,Anthony_Boyle3092@typill.biz,Male,6-726-455-4415
588,Caleb,Tanner,Caleb_Tanner1655@cispeto.com,Male,2-343-206-0236
589,Luke,Ryan,Luke_Ryan3678@corti.com,Male,1-131-251-3811
590,Brooklyn,Morley,Brooklyn_Morley2773@typill.biz,Female,5-823-465-6127
591,Cecilia,Lewin,Cecilia_Lewin2250@famism.biz,Female,6-811-062-8284
592,Lucas,Walsh,Lucas_Walsh4563@gmail.com,Male,8-417-636-4133
593,Rocco,Allen,Rocco_Allen9926@sheye.org,Male,5-253-510-4171
594,Fred,Adams,Fred_Adams4158@guentu.biz,Male,6-674-044-6738
595,Russel,Tate,Russel_Tate4562@irrepsy.com,Male,3-163-331-3454
596,Nick,Uttley,Nick_Uttley9213@bretoux.com,Male,7-271-571-5660
597,Beatrice,Gordon,Beatrice_Gordon7501@infotech44.tech,Female,8-217-236-1488
598,Melody,Stevenson,Melody_Stevenson180@joiniaa.com,Female,5-155-634-6650
599,Johnathan,Driscoll,Johnathan_Driscoll7364@famism.biz,Male,1-515-571-8071
600,Freya,Thomas,Freya_Thomas838@acrit.org,Female,7-432-285-1576
601,Manuel,Selby,Manuel_Selby2502@nickia.com,Male,1-322-034-6543
602,Noemi,Allen,Noemi_Allen9447@liret.org,Female,3-162-864-4083
603,Elisabeth,Campbell,Elisabeth_Campbell9362@jiman.org,Female,3-605-718-5532
604,Analise,Powell,Analise_Powell7786@ubusive.com,Female,3-085-156-6830
605,Nate,Avery,Nate_Avery4322@gompie.com,Male,7-212-406-5222
606,Hailey,Nanton,Hailey_Nanton6282@deons.tech,Female,6-828-103-7767
607,Mark,Rowlands,Mark_Rowlands7968@deavo.com,Male,8-416-781-8733
608,Valerie,Ellery,Valerie_Ellery4283@tonsy.org,Female,5-428-517-4638
609,Janelle,Tennant,Janelle_Tennant5278@grannar.com,Female,3-085-880-8268
610,Benjamin,Rogers,Benjamin_Rogers4235@atink.com,Male,4-244-233-1152
611,Michaela,Blythe,Michaela_Blythe8596@bungar.biz,Female,6-324-651-8337
612,Roger,Evans,Roger_Evans5018@tonsy.org,Male,7-207-165-3727
613,Lucas,Irving,Lucas_Irving1161@joiniaa.com,Male,7-076-652-5884
614,Andie,Savage,Andie_Savage7711@supunk.biz,Female,2-578-556-1823
615,Tom,Locke,Tom_Locke7089@brety.org,Male,8-320-057-2260
616,Dakota,Gordon,Dakota_Gordon526@fuliss.net,Female,2-457-231-5738
617,Anthony,Lyon,Anthony_Lyon8274@bretoux.com,Male,8-308-280-6386
618,Hank,Gallacher,Hank_Gallacher2956@corti.com,Male,4-113-601-4228
619,Sasha,Cowan,Sasha_Cowan1966@fuliss.net,Female,5-683-855-1744
620,Rick,Ryan,Rick_Ryan6301@muall.tech,Male,5-513-238-3050
621,Percy,Bolton,Percy_Bolton4807@sheye.org,Male,1-551-455-1745
622,Rick,Alexander,Rick_Alexander2696@corti.com,Male,0-475-338-8884
623,Abdul,Johnson,Abdul_Johnson187@fuliss.net,Male,3-001-005-1372
624,Ivette,Foxley,Ivette_Foxley8399@famism.biz,Female,2-885-725-2561
625,William,Palmer,William_Palmer6216@brety.org,Male,3-236-842-3846
626,Evie,Saunders,Evie_Saunders6148@vetan.org,Female,8-007-474-8433
627,Taylor,Fox,Taylor_Fox6805@bungar.biz,Female,4-553-235-1868
628,Roger,Oliver,Roger_Oliver5260@bulaffy.com,Male,3-453-838-7417
629,Joy,Morgan,Joy_Morgan9971@acrit.org,Female,4-081-564-5505
630,Chadwick,Gosling,Chadwick_Gosling8956@brety.org,Male,1-127-516-5726
631,Lucas,Gunn,Lucas_Gunn9054@mafthy.com,Male,2-483-671-6322
632,Marvin,Radley,Marvin_Radley9758@yahoo.com,Male,6-704-771-4736
633,Ethan,Watt,Ethan_Watt6960@gmail.com,Male,3-365-421-0284
634,Phillip,Stewart,Phillip_Stewart7756@gmail.com,Male,0-042-367-7833
635,Gwen,Brock,Gwen_Brock5984@gompie.com,Female,1-520-258-3586
636,Chester,Wallace,Chester_Wallace9468@qater.org,Male,2-572-058-6476
637,Henry,Morgan,Henry_Morgan8682@deons.tech,Male,4-107-645-7670
638,Mike,Harrison,Mike_Harrison4916@deavo.com,Male,5-862-182-2661
639,Jazmin,Lunt,Jazmin_Lunt8516@typill.biz,Female,2-665-511-3278
640,Mandy,Burge,Mandy_Burge2114@naiker.biz,Female,2-837-217-4863
641,Hank,Ballard,Hank_Ballard2125@deons.tech,Male,4-682-074-8813
642,Matt,Bryant,Matt_Bryant1@nanoff.biz,Male,5-842-858-0537
643,Barney,Wilkinson,Barney_Wilkinson7058@sheye.org,Male,6-470-207-7304
644,Ramon,Cunningham,Ramon_Cunningham4065@bauros.biz,Male,2-253-410-1436
645,Harriet,Smith,Harriet_Smith6581@iatim.tech,Female,7-432-375-3444
646,Maribel,Patel,Maribel_Patel3969@deavo.com,Female,6-315-136-7760
647,Miriam,Preston,Miriam_Preston8032@corti.com,Female,2-835-738-0065
648,Jackeline,Jennson,Jackeline_Jennson3221@bauros.biz,Female,4-243-615-3514
649,Manuel,Simpson,Manuel_Simpson6515@kideod.biz,Male,8-424-781-5051
650,Jackeline,Emerson,Jackeline_Emerson7887@nickia.com,Female,4-505-567-2224
651,Sharon,Nobbs,Sharon_Nobbs9383@naiker.biz,Female,2-730-522-7543
652,Carina,Adler,Carina_Adler7364@ubusive.com,Female,0-038-264-2566
653,Michaela,Gordon,Michaela_Gordon2473@qater.org,Female,1-828-736-7813
654,Renee,Collins,Renee_Collins7191@nimogy.biz,Female,0-732-008-7845
655,Enoch,Pickard,Enoch_Pickard1415@guentu.biz,Male,4-608-166-1350
656,William,Milner,William_Milner18@zorer.org,Male,3-342-182-0771
657,Gwenyth,Khan,Gwenyth_Khan2979@muall.tech,Female,1-853-716-0548
658,Nancy,Partridge,Nancy_Partridge5700@supunk.biz,Female,5-637-377-7284
659,Crystal,Wilton,Crystal_Wilton7419@yahoo.com,Female,8-020-527-1433
660,Carter,Wheeler,Carter_Wheeler5884@twace.org,Male,5-425-606-5421
661,Isabel,Uttley,Isabel_Uttley1745@atink.com,Female,4-401-045-5744
662,Jasmine,Summers,Jasmine_Summers9429@gompie.com,Female,7-178-184-4085
663,Tyler,Bolton,Tyler_Bolton1870@brety.org,Male,7-006-405-8852
664,Chester,Heaton,Chester_Heaton2058@hourpy.biz,Male,2-833-345-6048
665,Norah,Eastwood,Norah_Eastwood2714@eirey.tech,Female,6-745-211-8232
666,Hayden,Newton,Hayden_Newton4372@ovock.tech,Male,0-131-444-8445
667,Maddison,Hobbs,Maddison_Hobbs341@bretoux.com,Female,0-324-861-3113
668,Cherish,Whittle,Cherish_Whittle5520@guentu.biz,Female,1-076-220-5765
669,Javier,Jarrett,Javier_Jarrett1910@muall.tech,Male,2-053-032-6331
670,Denny,Shaw,Denny_Shaw568@eirey.tech,Male,2-835-602-8104
671,Nancy,Norman,Nancy_Norman1455@sveldo.biz,Female,0-424-055-8888
672,Lana,Pearce,Lana_Pearce5376@vetan.org,Female,5-118-403-4836
673,Eryn,Goldsmith,Eryn_Goldsmith9923@twace.org,Female,1-506-237-6702
674,Julian,Owen,Julian_Owen57@infotech44.tech,Male,4-886-537-0117
675,Caleb,Oliver,Caleb_Oliver9291@liret.org,Male,3-852-373-1581
676,Ethan,Warren,Ethan_Warren7118@tonsy.org,Male,5-020-521-6018
677,Aisha,Lindop,Aisha_Lindop3851@twipet.com,Female,0-036-004-4836
678,Kieth,Phillips,Kieth_Phillips1701@mafthy.com,Male,0-705-763-5363
679,Stacy,Hunter,Stacy_Hunter7278@nickia.com,Female,7-575-486-4574
680,Gil,Ring,Gil_Ring7901@ubusive.com,Male,2-423-238-1631
681,Evelynn,Forester,Evelynn_Forester9594@gmail.com,Female,4-464-482-1177
682,Dani,Ulyatt,Dani_Ulyatt6103@ovock.tech,Female,2-136-527-4754
683,Stella,Spencer,Stella_Spencer5662@jiman.org,Female,2-246-758-2041
684,Tyson,Thomson,Tyson_Thomson5316@jiman.org,Male,4-681-828-8626
685,Mackenzie,Oakley,Mackenzie_Oakley2877@muall.tech,Female,4-333-453-4466
686,Lara,Bell,Lara_Bell177@fuliss.net,Female,5-720-385-6121
687,Mike,Larkin,Mike_Larkin8520@gompie.com,Male,8-171-015-5342
688,Daron,Morrow,Daron_Morrow7463@naiker.biz,Male,1-430-137-6321
689,Raquel,Roth,Raquel_Roth8324@deavo.com,Female,0-712-566-3842
690,Clarissa,Owen,Clarissa_Owen4608@nickia.com,Female,5-312-770-4673
691,Carla,Styles,Carla_Styles4338@extex.org,Female,1-855-475-5174
692,Rufus,Hope,Rufus_Hope7494@ubusive.com,Male,3-446-200-7873
693,Sloane,Vincent,Sloane_Vincent8956@yahoo.com,Female,7-403-054-6585
694,Javier,King,Javier_King6059@ubusive.com,Male,2-844-884-6582
695,Carter,Parker,Carter_Parker5887@iatim.tech,Male,4-123-278-8604
696,Lily,Devonport,Lily_Devonport7607@kideod.biz,Female,6-850-754-5352
697,Phillip,Brock,Phillip_Brock9786@nanoff.biz,Male,8-303-814-4170
698,Hayden,Roman,Hayden_Roman5212@ubusive.com,Male,2-607-547-7716
699,Tyler,Harrington,Tyler_Harrington5546@hourpy.biz,Male,3-348-660-4574
700,Ryan,Duvall,Ryan_Duvall7412@iatim.tech,Male,5-203-371-5186
701,Gwenyth,Notman,Gwenyth_Notman4574@bungar.biz,Female,2-174-588-3863
702,Sebastian,Carpenter,Sebastian_Carpenter9725@gmail.com,Male,4-261-042-3572
703,Chris,Huggins,Chris_Huggins9@bulaffy.com,Male,7-566-031-0316
704,Josh,Calderwood,Josh_Calderwood8024@nanoff.biz,Male,2-111-265-1006
705,Rufus,Uttridge,Rufus_Uttridge3888@famism.biz,Male,2-351-375-0534
706,Hanna,Benson,Hanna_Benson5007@hourpy.biz,Female,7-760-581-4023
707,Jane,Lomax,Jane_Lomax3794@vetan.org,Female,4-340-735-0520
708,Mark,Hewitt,Mark_Hewitt1804@womeona.net,Male,6-538-544-5341
709,Hayden,Broomfield,Hayden_Broomfield1431@deons.tech,Female,4-021-040-8050
710,Abdul,Newton,Abdul_Newton2619@nanoff.biz,Male,6-727-780-3474
711,Samara,Ellison,Samara_Ellison9288@ubusive.com,Female,5-021-612-0583
712,Teagan,Walsh,Teagan_Walsh8929@eirey.tech,Female,0-378-511-6555
713,Harmony,King,Harmony_King1537@naiker.biz,Female,5-183-058-7286
714,Felicity,Eaton,Felicity_Eaton5727@joiniaa.com,Female,3-544-080-3046
715,Summer,Fox,Summer_Fox2315@brety.org,Female,5-637-868-0214
716,Abdul,Rodwell,Abdul_Rodwell297@qater.org,Male,6-527-527-0812
717,Noah,Craig,Noah_Craig4579@twace.org,Male,8-706-375-3664
718,Nicholas,Jarvis,Nicholas_Jarvis6671@guentu.biz,Male,0-534-834-7045
719,Tyson,Windsor,Tyson_Windsor586@brety.org,Male,1-168-366-3853
720,Ron,Tyler,Ron_Tyler5796@gembat.biz,Male,1-760-835-8338
721,Leroy,Mooney,Leroy_Mooney4651@typill.biz,Male,1-416-686-0870
722,Anais,Notman,Anais_Notman759@naiker.biz,Female,7-201-261-8837
723,Mya,Oatway,Mya_Oatway8883@muall.tech,Female,5-004-478-0854
724,Moira,Lakey,Moira_Lakey8541@mafthy.com,Female,7-178-868-7658
725,Mackenzie,Brooks,Mackenzie_Brooks2161@muall.tech,Female,0-866-330-0215
726,Piper,Hunter,Piper_Hunter9363@irrepsy.com,Female,0-675-620-6620
727,Matthew,Sylvester,Matthew_Sylvester3049@extex.org,Male,5-773-476-7653
728,Rocco,Hilton,Rocco_Hilton9838@cispeto.com,Male,8-461-265-8518
729,Aiden,Darcy,Aiden_Darcy3213@twipet.com,Male,1-052-471-6066
730,Marina,Fields,Marina_Fields861@grannar.com,Female,7-611-212-3766
731,Hank,Swift,Hank_Swift306@tonsy.org,Male,6-882-365-3287
732,Fred,Evans,Fred_Evans8849@irrepsy.com,Male,6-503-773-8513
733,Violet,Donnelly,Violet_Donnelly7170@famism.biz,Female,5-157-305-7023
734,Cara,Hood,Cara_Hood8805@gmail.com,Female,4-407-804-3642
735,Lucas,Darcy,Lucas_Darcy1570@nimogy.biz,Male,1-674-244-5758
736,Chris,Rothwell,Chris_Rothwell4987@womeona.net,Male,0-287-610-4553
737,Cameron,Potter,Cameron_Potter2115@ovock.tech,Female,6-153-205-1034
738,Sebastian,Poulton,Sebastian_Poulton7546@bungar.biz,Male,3-861-456-8571
739,Mackenzie,Needham,Mackenzie_Needham7811@twipet.com,Female,5-285-722-5564
740,Faith,Overson,Faith_Overson5793@joiniaa.com,Female,3-218-257-3514
741,Harriet,Woodcock,Harriet_Woodcock7712@qater.org,Female,5-387-564-4771
742,Alexia,Ellwood,Alexia_Ellwood5764@zorer.org,Female,4-403-361-1107
743,Melanie,Clarke,Melanie_Clarke7826@irrepsy.com,Female,7-143-656-3376
744,Jack,Hunter,Jack_Hunter8873@dionrab.com,Male,8-263-267-5455
745,Ronald,Vaughan,Ronald_Vaughan3722@nanoff.biz,Male,5-335-773-0873
746,Julian,Lindop,Julian_Lindop9645@muall.tech,Male,3-461-535-7101
747,Lorraine,White,Lorraine_White3208@mafthy.com,Female,0-451-033-3273
748,Raquel,Donovan,Raquel_Donovan6280@atink.com,Female,1-744-087-7571
749,Bob,Amstead,Bob_Amstead1186@hourpy.biz,Male,2-408-202-6252
750,Sadie,Clarke,Sadie_Clarke5304@kideod.biz,Female,1-312-047-3352
751,Hayden,Palmer,Hayden_Palmer2600@ubusive.com,Female,8-118-771-7734
752,Hank,Murray,Hank_Murray6535@extex.org,Male,2-665-201-5740
753,Chad,Curtis,Chad_Curtis9957@bretoux.com,Male,7-324-358-4202
754,Alan,Marshall,Alan_Marshall5831@extex.org,Male,8-551-608-3821
755,Chadwick,Mccall,Chadwick_Mccall5345@zorer.org,Male,1-265-807-1087
756,Benjamin,Ward,Benjamin_Ward4697@brety.org,Male,3-364-123-0337
757,Hayden,Nurton,Hayden_Nurton7879@bretoux.com,Male,3-321-847-0611
758,Freya,Vince,Freya_Vince6551@acrit.org,Female,6-110-882-4568
759,Bridget,Clayton,Bridget_Clayton552@twace.org,Female,5-135-377-4412
760,Zoe,Walsh,Zoe_Walsh1604@yahoo.com,Female,3-515-330-5377
761,Michael,Hale,Michael_Hale685@qater.org,Male,6-480-223-5470
762,Adeline,Stevens,Adeline_Stevens8034@sheye.org,Female,4-302-163-8888
763,Brooklyn,Boyle,Brooklyn_Boyle1550@liret.org,Female,2-501-036-8758
764,Hayden,Lowe,Hayden_Lowe724@kideod.biz,Male,6-670-474-1223
765,Logan,Santos,Logan_Santos9430@nanoff.biz,Male,4-167-482-3314
766,Rita,Moore,Rita_Moore8931@typill.biz,Female,1-434-674-8613
767,John,Burnley,John_Burnley9640@famism.biz,Male,6-867-265-6150
768,Elijah,Ripley,Elijah_Ripley4853@grannar.com,Male,7-473-621-7677
769,Gil,Ripley,Gil_Ripley5280@muall.tech,Male,0-804-776-6424
770,Luna,Griffiths,Luna_Griffiths9085@famism.biz,Female,8-424-855-8477
771,Marvin,Ralph,Marvin_Ralph5281@hourpy.biz,Male,3-446-850-5206
772,Gwen,Crawley,Gwen_Crawley9303@nimogy.biz,Female,5-036-033-4208
773,Nate,Rowlands,Nate_Rowlands9488@nickia.com,Male,2-341-872-7648
774,Mina,Hopkins,Mina_Hopkins8492@bretoux.com,Female,5-433-210-2550
775,Eduardo,Dann,Eduardo_Dann7220@nickia.com,Male,8-417-511-7374
776,Tom,Brown,Tom_Brown1362@kideod.biz,Male,4-421-824-8311
777,Abdul,Buckley,Abdul_Buckley2202@infotech44.tech,Male,5-211-822-4825
778,Ilona,Jennson,Ilona_Jennson9081@kideod.biz,Female,4-234-025-7108
779,Martin,Swan,Martin_Swan2745@bulaffy.com,Male,7-720-418-6088
780,Mandy,Wilkinson,Mandy_Wilkinson2708@irrepsy.com,Female,0-852-404-3722
781,Leroy,Powell,Leroy_Powell3002@irrepsy.com,Male,2-015-013-7826
782,Juliette,Latham,Juliette_Latham7194@kideod.biz,Female,2-238-366-6676
783,Skylar,Owen,Skylar_Owen6013@twace.org,Female,5-124-871-3576
784,Johnny,Craig,Johnny_Craig5500@sveldo.biz,Male,6-813-833-8326
785,Tony,Ebden,Tony_Ebden1638@nanoff.biz,Male,3-410-241-5680
786,Jacob,Newman,Jacob_Newman1685@fuliss.net,Male,2-587-577-5553
787,Russel,Price,Russel_Price5762@guentu.biz,Male,6-086-348-7243
788,Doug,Bradley,Doug_Bradley5385@nickia.com,Male,8-412-762-4686
789,Joyce,Hunt,Joyce_Hunt4533@naiker.biz,Female,8-103-810-8324
790,Ron,Howard,Ron_Howard8932@dionrab.com,Male,5-067-825-2641
791,Brooklyn,Ralph,Brooklyn_Ralph9304@kideod.biz,Female,6-355-030-2337
792,Ronald,Morrison,Ronald_Morrison8761@bauros.biz,Male,6-302-883-1258
793,Ruby,Silva,Ruby_Silva5578@guentu.biz,Female,2-446-555-5577
794,Kamila,Abbey,Kamila_Abbey2822@bretoux.com,Female,4-433-641-4761
795,Bethany,Page ,Bethany_Page 2529@liret.org,Female,6-321-064-6305
796,Bob,Mcguire,Bob_Mcguire6252@vetan.org,Male,6-044-403-2783
797,Esmeralda,Bailey,Esmeralda_Bailey5719@bulaffy.com,Female,7-807-468-6334
798,Maia,Wright,Maia_Wright5749@brety.org,Female,5-165-128-8170
799,Hanna,Vaughan,Hanna_Vaughan466@sveldo.biz,Female,1-655-225-7157
800,Oliver,Farrant,Oliver_Farrant8239@cispeto.com,Male,8-310-651-8287
801,Kamila,Holmes,Kamila_Holmes4821@gmail.com,Female,4-717-381-6051
802,Andrea,Rossi,Andrea_Rossi2529@extex.org,Female,4-688-403-5836
803,Faith,Bowen,Faith_Bowen3261@joiniaa.com,Female,6-822-530-2580
804,Selena,Henderson,Selena_Henderson5780@gembat.biz,Female,3-743-876-2353
805,Catherine,Warren,Catherine_Warren7865@brety.org,Female,7-251-727-5703
806,Bryon,Grant,Bryon_Grant1845@joiniaa.com,Male,3-487-615-0276
807,Elle,Rivers,Elle_Rivers2379@sveldo.biz,Female,4-248-445-7063
808,Bart,Higgs,Bart_Higgs1795@brety.org,Male,5-264-010-1541
809,Emmanuelle,Taylor,Emmanuelle_Taylor1613@nickia.com,Female,4-872-703-0542
810,Barry,Boden,Barry_Boden5214@gmail.com,Male,4-827-314-7803
811,Barry,Button,Barry_Button1891@qater.org,Male,0-271-723-3467
812,Mina,Kelly,Mina_Kelly6321@twace.org,Female,4-131-173-4788
813,Ivette,Bell,Ivette_Bell418@nimogy.biz,Female,1-243-668-4835
814,Madelyn,Lambert,Madelyn_Lambert8073@atink.com,Female,1-048-844-6824
815,Gabriel,Stubbs,Gabriel_Stubbs8066@ovock.tech,Male,0-357-643-5237
816,Elisabeth,Anderson,Elisabeth_Anderson1140@vetan.org,Female,5-012-260-6733
817,Cedrick,Rixon,Cedrick_Rixon8063@gembat.biz,Male,6-340-350-2505
818,Hanna,Graves,Hanna_Graves3812@fuliss.net,Female,3-668-755-1800
819,Florence,Tyrrell,Florence_Tyrrell9921@famism.biz,Female,2-604-140-8563
820,Alba,Dickson,Alba_Dickson334@zorer.org,Female,1-043-878-7340
821,Emery,Butler,Emery_Butler6600@acrit.org,Female,8-688-126-8281
822,Noah,Wild,Noah_Wild9812@guentu.biz,Male,7-853-370-6680
823,Stacy,Morris,Stacy_Morris7508@infotech44.tech,Female,2-384-866-4687
824,Caleb,Appleton,Caleb_Appleton779@muall.tech,Male,3-663-577-2435
825,Eduardo,Sanchez,Eduardo_Sanchez3954@hourpy.biz,Male,5-584-727-8582
826,Bristol,Skinner,Bristol_Skinner9695@sheye.org,Female,1-027-641-2431
827,Mike,Edwards,Mike_Edwards4339@gembat.biz,Male,0-368-448-3874
828,Sebastian,Glynn,Sebastian_Glynn6502@naiker.biz,Male,2-357-817-2376
829,Holly,Edmonds,Holly_Edmonds8472@joiniaa.com,Female,2-400-552-3655
830,Alan,Marshall,Alan_Marshall5071@deons.tech,Male,1-058-128-6152
831,Gil,Gordon,Gil_Gordon6770@tonsy.org,Male,7-168-662-4141
832,Chester,Neal,Chester_Neal1707@fuliss.net,Male,2-673-021-3400
833,Olivia,Goldsmith,Olivia_Goldsmith9436@elnee.tech,Female,3-337-433-4066
834,Ramon,Cassidy,Ramon_Cassidy594@bretoux.com,Male,1-834-775-5261
835,Tyson,Hope,Tyson_Hope2298@nanoff.biz,Male,1-752-734-7043
836,Nick,Rust,Nick_Rust371@bauros.biz,Male,0-007-546-1151
837,Ruth,Allcott,Ruth_Allcott5116@guentu.biz,Female,6-256-248-6631
838,Logan,Oliver,Logan_Oliver1367@iatim.tech,Female,2-118-528-0572
839,Emely,Benson,Emely_Benson8925@supunk.biz,Female,2-608-640-1815
840,Chadwick,Jones,Chadwick_Jones412@womeona.net,Male,1-261-106-5566
841,Camden,Ashwell,Camden_Ashwell2921@ovock.tech,Female,4-346-460-7512
842,John,Wilkinson,John_Wilkinson2267@atink.com,Male,7-550-063-3173
843,Boris,Oliver,Boris_Oliver2881@guentu.biz,Male,3-501-656-3474
844,Jacob,Vernon,Jacob_Vernon4525@zorer.org,Male,5-623-351-3375
845,Celia,Richards,Celia_Richards236@acrit.org,Female,4-514-087-6477
846,Mandy,Briggs,Mandy_Briggs9623@eirey.tech,Female,1-553-807-6371
847,Martin,Long,Martin_Long4305@yahoo.com,Male,1-760-564-6872
848,Liliana,Shields,Liliana_Shields6569@irrepsy.com,Female,2-370-442-6516
849,Violet,Woods,Violet_Woods4512@bungar.biz,Female,8-041-571-6024
850,Mike,Corbett,Mike_Corbett4591@twace.org,Male,1-828-533-2856
851,Bart,Thornton,Bart_Thornton8517@corti.com,Male,6-585-656-2427
852,Hayden,Glass,Hayden_Glass3080@yahoo.com,Male,2-467-360-7523
853,Regina,Lane,Regina_Lane6712@qater.org,Female,3-712-334-5105
854,Angelique,Owen,Angelique_Owen3716@irrepsy.com,Female,0-378-377-7022
855,Lucas,Hobbs,Lucas_Hobbs1134@womeona.net,Male,6-375-801-2164
856,Teagan,Evans,Teagan_Evans634@bauros.biz,Female,7-200-002-4202
857,Angelina,Bradley,Angelina_Bradley5286@joiniaa.com,Female,7-853-125-6113
858,Shannon,Amstead,Shannon_Amstead1841@twipet.com,Female,5-747-535-1587
859,Alice,Carter,Alice_Carter9209@irrepsy.com,Female,8-114-683-3787
860,Enoch,Walsh,Enoch_Walsh1205@bretoux.com,Male,8-682-140-2427
861,Johnathan,Baker,Johnathan_Baker4983@kideod.biz,Male,5-018-870-4646
862,Hannah,Rixon,Hannah_Rixon7159@acrit.org,Female,1-241-751-2155
863,Maxwell,Reyes,Maxwell_Reyes3778@atink.com,Male,8-013-077-7303
864,Naomi,Egerton,Naomi_Egerton1045@nimogy.biz,Female,7-287-740-5624
865,Benny,Baker,Benny_Baker3190@elnee.tech,Male,4-516-036-3347
866,Rick,Hall,Rick_Hall4759@vetan.org,Male,0-027-151-6253
867,Paula,Parsons,Paula_Parsons182@eirey.tech,Female,2-447-771-4382
868,David,Partridge,David_Partridge166@vetan.org,Male,5-112-300-8673
869,Caleb,Price,Caleb_Price7636@ubusive.com,Male,4-007-220-3658
870,Barry,Dwyer,Barry_Dwyer3450@infotech44.tech,Male,7-701-834-7007
871,Cedrick,Faulkner,Cedrick_Faulkner4675@deavo.com,Male,0-840-381-8540
872,Gemma,Connor,Gemma_Connor9886@hourpy.biz,Female,2-820-465-0211
873,Alexander,Collingwood,Alexander_Collingwood4629@fuliss.net,Male,0-337-478-1283
874,Victoria,Denton,Victoria_Denton8757@zorer.org,Female,5-448-428-0178
875,Rocco,Upsdell,Rocco_Upsdell6140@eirey.tech,Male,5-536-612-7261
876,Enoch,Norris,Enoch_Norris3084@sheye.org,Male,0-843-504-7308
877,Russel,Truscott,Russel_Truscott8294@bretoux.com,Male,6-245-831-0247
878,Freya,Callan,Freya_Callan6442@womeona.net,Female,5-568-858-7303
879,Stephanie,Uttridge,Stephanie_Uttridge2831@tonsy.org,Female,1-028-153-2345
880,Liv,Farrow,Liv_Farrow3387@acrit.org,Female,4-152-655-6427
881,Rowan,Brooks,Rowan_Brooks5759@twipet.com,Female,7-522-402-5502
882,Tara,Mcgee,Tara_Mcgee9952@vetan.org,Female,0-153-336-2525
883,Manuel,Abbey,Manuel_Abbey350@dionrab.com,Male,2-607-002-6042
884,Hank,Redfern,Hank_Redfern8180@corti.com,Male,7-463-314-0766
885,Enoch,Marshall,Enoch_Marshall2726@supunk.biz,Male,6-246-002-5274
886,Jack,Grant,Jack_Grant7660@brety.org,Male,6-537-754-6125
887,Johnny,Harris,Johnny_Harris9874@qater.org,Male,5-581-643-7120
888,Luke,Forester,Luke_Forester9516@vetan.org,Male,7-602-758-0866
889,Tom,Norris,Tom_Norris4662@nanoff.biz,Male,3-167-818-0624
890,Beatrice,James,Beatrice_James6333@brety.org,Female,1-277-780-0766
891,Dorothy,Clarkson,Dorothy_Clarkson6213@bulaffy.com,Female,3-678-750-1034
892,Tony,Nobbs,Tony_Nobbs724@grannar.com,Male,5-135-426-6132
893,Caleb,Broomfield,Caleb_Broomfield8429@naiker.biz,Male,1-775-366-5754
894,Danny,Rossi,Danny_Rossi6334@bungar.biz,Male,7-354-741-1517
895,Marjorie,Allen,Marjorie_Allen6531@cispeto.com,Female,8-167-245-0661
896,Isabel,Evans,Isabel_Evans6259@iatim.tech,Female,0-322-236-3648
897,Quinn,Latham,Quinn_Latham8698@twipet.com,Female,5-328-488-4178
898,Sharon,Sanchez,Sharon_Sanchez1695@yahoo.com,Female,4-221-678-3485
899,Juliette,Hancock,Juliette_Hancock3399@muall.tech,Female,1-136-432-7147
900,Bob,Forth,Bob_Forth8032@zorer.org,Male,5-500-852-5003
901,Ilona,Crawley,Ilona_Crawley5794@gompie.com,Female,2-860-870-3431
902,Carolyn,Rowe,Carolyn_Rowe7982@gembat.biz,Female,8-650-250-1437
903,Bob,Wilson,Bob_Wilson2444@muall.tech,Male,7-713-570-6421
904,David,Silva,David_Silva5832@atink.com,Male,2-788-035-7431
905,Carolyn,Anderson,Carolyn_Anderson8694@grannar.com,Female,0-804-285-3637
906,Callie,Vangness,Callie_Vangness2937@eirey.tech,Female,0-364-745-5138
907,Aiden,Tailor,Aiden_Tailor3371@hourpy.biz,Male,1-511-883-5287
908,Daphne,Mcnally,Daphne_Mcnally8326@bauros.biz,Female,0-478-143-8146
909,John,Dunbar,John_Dunbar5014@infotech44.tech,Male,0-606-043-7447
910,Kieth,Donovan,Kieth_Donovan746@infotech44.tech,Male,0-785-816-1636
911,Ramon,Button,Ramon_Button2852@deons.tech,Male,0-153-804-1685
912,Alexia,Middleton,Alexia_Middleton6036@nickia.com,Female,1-580-143-5306
913,Gemma,Gibbons,Gemma_Gibbons5088@elnee.tech,Female,1-830-074-4210
914,Scarlett,Power,Scarlett_Power737@ubusive.com,Female,4-503-852-6587
915,Rita,Pierce,Rita_Pierce1276@extex.org,Female,1-637-074-4832
916,Erick,Harris,Erick_Harris5969@cispeto.com,Male,3-721-220-2475
917,Cherish,Alldridge,Cherish_Alldridge9491@brety.org,Female,7-383-375-7828
918,Harvey,Downing,Harvey_Downing2308@naiker.biz,Male,6-264-832-4587
919,Lily,Boden,Lily_Boden3689@sveldo.biz,Female,1-140-806-2201
920,Mason,Tyrrell,Mason_Tyrrell4284@elnee.tech,Male,3-603-806-7677
921,Barry,Richardson,Barry_Richardson5505@naiker.biz,Male,7-025-618-2530
922,Adalie,Watson,Adalie_Watson4067@guentu.biz,Female,7-604-117-2118
923,Gil,Williams,Gil_Williams6271@iatim.tech,Male,0-318-640-0356
924,Alexander,Samuel,Alexander_Samuel3745@nickia.com,Male,2-763-674-3400
925,George,Lindop,George_Lindop4401@supunk.biz,Male,8-063-018-3741
926,Jacob,Gray,Jacob_Gray5522@fuliss.net,Male,6-673-356-5140
927,Drew,Walsh,Drew_Walsh2297@kideod.biz,Female,7-385-167-8822
928,Bridget,Sherry,Bridget_Sherry4845@gompie.com,Female,5-647-538-7867
929,Rosalee,Marshall,Rosalee_Marshall8965@bungar.biz,Female,4-105-500-3423
930,William,Hunt,William_Hunt5831@bungar.biz,Male,5-487-280-6188
931,Noah,Walsh,Noah_Walsh4322@yahoo.com,Male,0-247-054-3005
932,Josh,Cavanagh,Josh_Cavanagh2857@extex.org,Male,5-308-210-7301
933,Logan,Richardson,Logan_Richardson9653@mafthy.com,Male,6-234-584-3173
934,Johnny,Campbell,Johnny_Campbell6624@dionrab.com,Male,3-004-704-0643
935,Clint,Neville,Clint_Neville6107@gompie.com,Male,0-050-034-4035
936,William,Downing,William_Downing4496@twipet.com,Male,8-751-817-4731
937,Ilona,Mcguire,Ilona_Mcguire8184@famism.biz,Female,0-541-254-0668
938,Phillip,Walker,Phillip_Walker9003@bauros.biz,Male,7-681-176-5103
939,Chad,Rothwell,Chad_Rothwell7755@atink.com,Male,8-771-620-0148
940,Elijah,Wise,Elijah_Wise2132@iatim.tech,Male,2-008-776-4050
941,Darlene,Lynn,Darlene_Lynn1577@bauros.biz,Female,5-080-147-0037
942,Payton,Torres,Payton_Torres2161@irrepsy.com,Female,0-600-080-5550
943,Liam,Bell,Liam_Bell7623@hourpy.biz,Male,1-063-051-7748
944,Estrella,Denton,Estrella_Denton8298@irrepsy.com,Female,3-455-417-4477
945,Marvin,Lewis,Marvin_Lewis649@jiman.org,Male,1-065-008-2241
946,Logan,Quinn,Logan_Quinn2289@nimogy.biz,Male,6-218-588-8473
947,Selena,Gilbert,Selena_Gilbert8265@atink.com,Female,2-665-336-3265
948,Tom,Nelson,Tom_Nelson5967@eirey.tech,Male,5-705-417-6425
949,Marla,Wright,Marla_Wright3923@famism.biz,Female,0-488-374-4322
950,Harry,Adams,Harry_Adams7445@nickia.com,Male,5-008-657-7711
951,Benny,Wood,Benny_Wood1989@tonsy.org,Male,3-025-285-0175
952,Kimberly,Cooper,Kimberly_Cooper8368@muall.tech,Female,6-380-381-0462
953,Skylar,Chapman,Skylar_Chapman1075@kideod.biz,Female,7-534-313-7562
954,Ember,Rodwell,Ember_Rodwell3103@elnee.tech,Female,6-717-010-4713
955,Dani,Jobson,Dani_Jobson4528@nickia.com,Female,1-120-215-2717
956,Jack,Scott,Jack_Scott9890@extex.org,Male,1-228-742-0580
957,Adela,Selby,Adela_Selby8176@deons.tech,Female,8-118-355-4281
958,Penny,Oswald,Penny_Oswald3527@nimogy.biz,Female,7-131-368-0624
959,Shannon,Reading,Shannon_Reading662@eirey.tech,Female,5-778-655-3440
960,Fiona,Long,Fiona_Long7304@irrepsy.com,Female,8-555-532-7531
961,Abdul,Gaynor,Abdul_Gaynor1557@zorer.org,Male,7-485-057-7717
962,Clint,Dubois,Clint_Dubois7467@vetan.org,Male,5-458-034-0013
963,Samara,Nicolas,Samara_Nicolas9228@extex.org,Female,4-252-707-7723
964,Bridget,Wright,Bridget_Wright4271@typill.biz,Female,8-627-703-4833
965,Marie,Glass,Marie_Glass9375@tonsy.org,Female,2-404-636-0111
966,Greta,Summers,Greta_Summers9852@nanoff.biz,Female,1-165-611-6753
967,Belinda,Brooks,Belinda_Brooks4616@corti.com,Female,3-865-124-7682
968,Sabrina,Sheldon,Sabrina_Sheldon4410@iatim.tech,Female,8-644-437-6773
969,Chadwick,Simpson,Chadwick_Simpson6607@guentu.biz,Male,1-030-881-7028
970,Rocco,Heaton,Rocco_Heaton9575@supunk.biz,Male,2-605-758-8241
971,Emery,Vaughn,Emery_Vaughn6073@eirey.tech,Female,6-322-872-6408
972,Bart,Lewis,Bart_Lewis4145@iatim.tech,Male,5-882-244-1540
973,Sara,Logan,Sara_Logan3009@acrit.org,Female,8-512-386-8348
974,John,Mcgregor,John_Mcgregor7255@atink.com,Male,4-638-486-0222
975,Mike,Uddin,Mike_Uddin6584@naiker.biz,Male,1-745-181-2705
976,Jacob,Flack,Jacob_Flack3327@zorer.org,Male,6-506-363-1054
977,Harry,Lloyd,Harry_Lloyd2844@fuliss.net,Male,1-868-261-5671
978,Marina,Willson,Marina_Willson8902@naiker.biz,Female,1-076-610-3036
979,Sasha,Edmonds,Sasha_Edmonds2765@acrit.org,Female,7-313-487-0672
980,Celina,Richards,Celina_Richards6080@corti.com,Female,3-221-465-4134
981,Tyson,Drew,Tyson_Drew8911@gmail.com,Male,3-451-618-5026
982,Piper,Jobson,Piper_Jobson655@cispeto.com,Female,1-012-365-7252
983,Daron,Gibson,Daron_Gibson3749@deons.tech,Male,0-188-502-5437
984,Zara,Shepherd,Zara_Shepherd4369@nanoff.biz,Female,2-721-860-2355
985,Olivia,Archer,Olivia_Archer3956@hourpy.biz,Female,8-852-487-6826
986,Bart,Nicholls,Bart_Nicholls8850@gembat.biz,Male,0-475-037-5145
987,Cristal,Whitehouse,Cristal_Whitehouse4697@naiker.biz,Female,3-458-683-3043
988,Christine,Villiger,Christine_Villiger7496@yahoo.com,Female,7-784-846-6332
989,Javier,Gonzales,Javier_Gonzales2244@kideod.biz,Male,7-351-354-1884
990,Abdul,Briggs,Abdul_Briggs8834@jiman.org,Male,5-575-407-2341
991,Hannah,Harris,Hannah_Harris1224@muall.tech,Female,5-334-424-2852
992,Oliver,Newton,Oliver_Newton3454@twace.org,Male,1-552-237-8802
993,Cecilia,Smith,Cecilia_Smith3817@hourpy.biz,Female,4-485-122-2534
994,Gladys,Pope,Gladys_Pope8089@guentu.biz,Female,5-401-204-5412
995,Kurt,Bradshaw,Kurt_Bradshaw8731@joiniaa.com,Male,6-713-823-8682
996,Carl,Clark,Carl_Clark4920@twipet.com,Male,5-871-133-0500
997,Hayden,Dobson,Hayden_Dobson6688@mafthy.com,Female,4-863-615-1501
998,Tyson,Woods,Tyson_Woods7414@typill.biz,Male,7-851-437-3223
999,Cedrick,Benson,Cedrick_Benson6524@bretoux.com,Male,2-457-861-8531
1000,Hadley,Newman,Hadley_Newman2838@joiniaa.com,Female,0-602-047-8382

